0,0.0,47.25
1,-0.2703419605524872,39.311999559402466
2,-0.4521496824234366,inf
3,-0.5534969882450342,20.412000060081482
4,-0.5639957958411475,inf
5,-0.9365764902170641,42.33600068092346
6,-1.2495123804048751,inf
7,-2.5203593611509776,41.58000040054321
8,-3.5267986737235244,47.25
9,-4.287864820558439,inf
10,-4.062179833678094,43.09200096130371
11,-3.590762343608389,inf
12,-3.2412591187338733,35.15400052070618
13,-3.0547239635294767,inf
14,-3.084956930809642,38.55599927902222
15,-3.033767283285373,inf
16,-2.986270868976626,inf
17,-5.283259485051472,43.84800124168396
18,-7.256265582284558,40.067999839782715
19,-8.849181995042317,inf
20,-10.193490480489327,39.68999969959259
21,-10.646409205439525,34.39800024032593
22,-10.876222587047746,inf
23,-10.679211635595765,32.12999939918518
24,-10.452269288150491,32.12999939918518
25,-10.061796575198837,inf
26,-9.86111073338699,38.93399941921234
27,-9.48789702042519,inf
28,-9.19199457807732,37.0440012216568
29,-8.826058640359816,33.64199995994568
30,-8.5846116897341,34.39800024032593
31,-8.352784422192864,inf
32,-8.492302159276177,34.0200001001358
33,-8.798358931273842,32.507999539375305
34,-9.247116120418507,33.64199995994568
35,-9.659668652304466,inf
36,-10.39934854555005,35.5320006608963
37,-10.92761122277461,32.507999539375305
38,-11.253168880442182,34.0200001001358
39,-11.607708000116705,33.64199995994568
40,-11.832342110129527,35.15400052070618
41,-12.095330171590058,35.5320006608963
42,-12.177317066157988,inf
43,-12.261220671547392,33.263999819755554
44,-12.08660128014395,32.12999939918518
45,-11.896557538849686,34.39800024032593
46,-11.511210948630806,32.12999939918518
47,-11.128614276716931,31.751999258995056
48,-10.629085054175894,36.28800094127655
49,-10.141184526995435,34.77600038051605
50,-9.930327834427699,31.751999258995056
51,-9.709392461454046,29.48400092124939
52,-9.605357247767182,30.995998978614807
53,-9.322923860273134,32.88599967956543
54,-8.928974123632402,33.263999819755554
55,-8.88916769071632,30.617998838424683
56,-8.87805212630264,30.995998978614807
57,-8.989322385800552,29.48400092124939
58,-8.998550644980838,30.24000120162964
59,-8.990779228447222,30.995998978614807
60,-9.19619191314415,27.97200036048889
61,-9.40728565526772,30.24000120162964
62,-9.540467049744715,29.862001061439514
63,-9.800533516603442,30.24000120162964
64,-9.876280788937859,27.97200036048889
65,-10.181051443256838,29.862001061439514
66,-10.401438983468571,29.862001061439514
67,-10.433714813954866,26.837999939918518
68,-10.493887194784119,27.594000220298767
69,-10.461028909338316,26.837999939918518
70,-10.687799888736894,24.947999238967896
71,-10.869537855340386,24.947999238967896
72,-11.139537529095126,26.08199965953827
73,-11.401847454503233,26.459999799728394
74,-11.231443185232191,26.08199965953827
75,-24.16490843674381,20.412000060081482
76,-33.84299941029759,20.033999919891357
77,-40.2717825433159,20.412000060081482
78,-43.60891094997967,18.899999499320984
79,-43.66054536189649,18.899999499320984
80,-43.70710101416461,20.412000060081482
81,-43.75809892454955,19.27799963951111
82,-43.78129728870659,19.655999779701233
83,-43.83055487506416,18.144000470638275
84,-43.871576412107196,19.655999779701233
85,-43.88761487647169,21.16800034046173
86,-43.90493255379455,20.412000060081482
87,-43.45181513004734,18.899999499320984
88,-42.67363875841403,19.655999779701233
89,-41.82573235763077,18.5220006108284
90,-41.17509333463024,19.27799963951111
91,-40.79395030862072,20.412000060081482
92,-40.63235461003289,20.412000060081482
93,-40.64401900174552,19.27799963951111
94,-40.7467785250825,20.033999919891357
95,-40.83931177720646,19.27799963951111
96,-40.89386564703779,21.16800034046173
97,-40.90952379542947,20.790000200271606
98,-40.75812939320793,20.412000060081482
99,-40.68134248423351,21.92400062084198
100,-40.57165499157128,21.16800034046173
101,-39.97275992700263,20.790000200271606
102,-38.49137397822169,19.27799963951111
103,-37.23372215431319,20.412000060081482
104,-36.36124027854465,17.76600033044815
105,-35.809167124745144,19.27799963951111
106,-35.74450365680128,18.5220006108284
107,-35.659920784361084,18.144000470638275
108,-36.039584648043125,18.899999499320984
109,-36.72624812207824,19.27799963951111
110,-36.96251956200879,18.144000470638275
111,-36.980781941580176,18.899999499320984
112,-36.59579686988366,18.144000470638275
113,-36.05727332752427,18.5220006108284
114,-35.11250419624081,21.546000480651855
115,-34.380458120198114,19.655999779701233
116,-33.27146611331842,20.033999919891357
117,-31.67188783148536,21.16800034046173
118,-30.161867658106114,22.302000761032104
119,-28.61067428079992,19.655999779701233
120,-27.427402463422847,22.302000761032104
121,-26.80293140621086,22.302000761032104
122,-26.524663519205667,18.5220006108284
123,-26.79256908631007,21.16800034046173
124,-27.335017370773148,19.655999779701233
125,-27.71981534749752,19.655999779701233
126,-28.133209540496438,20.412000060081482
127,-28.42042851524198,19.655999779701233
128,-27.989267439072147,22.68000090122223
129,-27.63578669038738,23.058001041412354
130,-27.453154040773637,22.68000090122223
131,-27.42372678344488,21.16800034046173
132,-27.54268749833409,22.302000761032104
133,-27.61470172492172,20.412000060081482
134,-27.643638962450005,21.92400062084198
135,-27.643646302427317,22.68000090122223
136,-27.648848991172542,24.191998958587646
137,-27.82770760582288,22.302000761032104
138,-27.907956651239118,22.68000090122223
139,-27.544073895960178,21.16800034046173
140,-27.188757985013833,19.655999779701233
141,-27.12415665685665,20.790000200271606
142,-27.222825992852087,19.27799963951111
143,-27.2765739942359,18.144000470638275
144,-27.263767358394766,20.033999919891357
145,-27.21192556177325,20.033999919891357
146,-27.321914987708187,20.790000200271606
147,-27.564670171662282,22.302000761032104
148,-27.72876144954814,21.92400062084198
149,-27.542357401112636,20.033999919891357
150,-27.138637667034192,20.790000200271606
151,-26.883891445744162,21.16800034046173
152,-26.89617072615491,21.546000480651855
153,-26.946113468039947,20.412000060081482
154,-26.253359749315095,20.033999919891357
155,-25.645245596166184,19.655999779701233
156,-25.154637409301987,18.899999499320984
157,-24.790293375508202,19.27799963951111
158,-24.66444459454237,20.412000060081482
159,-24.714223483822575,18.144000470638275
160,-25.398703737224967,18.5220006108284
161,-26.170062168998474,17.0100000500679
162,-26.648455788213493,18.5220006108284
163,-26.965336613016845,17.76600033044815
164,-27.04849814276725,19.655999779701233
165,-26.960503952741334,19.27799963951111
166,-26.79695131925622,18.144000470638275
167,-26.647998636102162,19.27799963951111
168,-26.54588016815768,20.033999919891357
169,-26.53827135536592,20.412000060081482
170,-26.308661666588527,24.191998958587646
171,-25.302140481486493,23.436001181602478
172,-24.02575711753023,26.459999799728394
173,-22.77313488833382,27.594000220298767
174,-21.773563013007912,26.459999799728394
175,-21.154952177341876,28.72800064086914
176,-20.95944533039998,28.350000500679016
177,-20.508099314206966,27.594000220298767
178,-20.199593481452037,28.72800064086914
179,-20.365398094980165,30.24000120162964
180,-20.526527744128778,26.08199965953827
181,-20.704412848642704,28.72800064086914
182,-20.835060146096172,26.837999939918518
183,-20.75380305143208,27.594000220298767
184,-20.885648112025294,25.703999519348145
185,-21.076060623624496,25.32599937915802
186,-21.4206156278993,25.703999519348145
187,-21.80620656067938,24.191998958587646
188,-22.12347128866363,25.32599937915802
189,-22.503546920913774,24.56999909877777
190,-22.87627178132033,25.703999519348145
191,-23.301360040357956,24.947999238967896
192,-23.522582118651023,25.32599937915802
193,-23.533942933437597,23.813998818397522
194,-23.336565584219418,23.436001181602478
195,-23.138538991285714,24.191998958587646
196,-23.235886180361014,24.56999909877777
197,-23.25052694753224,24.191998958587646
198,-23.177613328108375,24.56999909877777
199,-22.988035359136664,22.68000090122223
200,-22.623283746531982,23.436001181602478
201,-22.271762406000946,22.68000090122223
202,-21.886012642012094,21.92400062084198
203,-21.5486519520028,23.058001041412354
204,-21.241167796938612,23.436001181602478
205,-21.11654286896591,21.92400062084198
206,-21.036669299697024,22.302000761032104
207,-21.206881239479703,21.546000480651855
208,-21.51217101328394,20.412000060081482
209,-21.99324527577306,20.790000200271606
210,-22.442625898407965,20.033999919891357
211,-22.764608772432805,19.27799963951111
212,-23.203465827358293,19.655999779701233
213,-23.718613066979024,19.27799963951111
214,-24.03114883958476,18.5220006108284
215,-24.312511955958467,18.899999499320984
216,-24.543584168174256,17.76600033044815
217,-24.63938776645148,18.899999499320984
218,-24.542243146523386,19.27799963951111
219,-24.328063000904173,19.655999779701233
220,-24.152805597379793,19.655999779701233
221,-23.648314023366336,18.899999499320984
222,-22.99646895990443,19.27799963951111
223,-22.329013016206652,19.655999779701233
224,-21.6038562624172,20.033999919891357
225,-20.246891933300322,20.412000060081482
226,-19.32274917433173,20.412000060081482
227,-18.03539560982666,20.790000200271606
228,-17.068161901255667,21.16800034046173
229,-16.23350889200725,20.412000060081482
230,-15.597379083613518,20.790000200271606
231,-15.271029210717478,20.033999919891357
232,-14.606448077006904,19.27799963951111
233,-14.167813374190878,19.27799963951111
234,-13.879613150629305,20.033999919891357
235,-13.915356597319184,19.655999779701233
236,-13.911759929668905,18.5220006108284
237,-14.129267469218012,18.899999499320984
238,-14.504479238165516,18.144000470638275
239,-15.15513000462314,18.899999499320984
240,-14.991089604742534,19.655999779701233
241,-14.38887465897891,19.27799963951111
242,-13.520269604270142,18.899999499320984
243,-12.690064942239514,19.655999779701233
244,-11.843775871714643,20.033999919891357
245,-10.898102706491578,20.412000060081482
246,-9.407427469369633,21.16800034046173
247,-8.301321187083357,21.546000480651855
248,-7.469553065234059,21.16800034046173
249,-7.091218819429394,21.546000480651855
250,-6.439719385371781,20.412000060081482
251,-6.336924043676746,21.16800034046173
252,-6.2473444907855065,19.27799963951111
253,-6.070025261804635,18.5220006108284
254,-6.15523371960786,20.412000060081482
255,-6.265882616930457,18.144000470638275
256,-6.439275503419726,18.899999499320984
257,-6.54021461182333,18.144000470638275
258,-6.427970125310131,19.655999779701233
259,-6.227088465936358,18.899999499320984
260,-6.103575994429758,21.16800034046173
261,-6.034837319661659,19.27799963951111
262,-5.954980603818664,19.655999779701233
263,-5.461164270130483,21.16800034046173
264,-5.090668530148135,21.16800034046173
265,-4.166485512044394,20.412000060081482
266,-3.0511439801541247,18.899999499320984
267,-2.2891408804070337,20.790000200271606
268,-1.7891552860754554,20.412000060081482
269,-1.6168514355700223,20.790000200271606
270,-0.9607066224116267,21.92400062084198
271,-0.17759749518595008,21.546000480651855
272,0.36334996034081474,21.546000480651855
273,0.6490387056814185,20.790000200271606
274,0.5879725255478034,21.92400062084198
275,0.7454944065641316,20.790000200271606
276,0.8896237193845962,19.27799963951111
277,0.8512729621800124,20.033999919891357
278,0.7625322546703817,20.790000200271606
279,0.6500547060914448,20.412000060081482
280,0.8376927500694404,19.655999779701233
281,1.112079683187872,20.033999919891357
282,1.2884955354626684,19.27799963951111
283,1.4855716551187774,21.546000480651855
284,1.9074306982791196,20.033999919891357
285,2.162006860008666,21.16800034046173
286,2.291521068716509,20.033999919891357
287,2.3356255495975495,20.790000200271606
288,2.469500855463236,21.16800034046173
289,2.5943171998076524,20.412000060081482
290,2.674811123843044,20.790000200271606
291,2.7203492462934626,18.899999499320984
292,2.7292756003752037,20.790000200271606
293,2.5782920332478594,20.033999919891357
294,2.4430533961714853,20.790000200271606
295,2.399168143773995,20.033999919891357
296,2.055574188892659,19.27799963951111
297,1.7700619102993225,20.033999919891357
298,1.6591212514538087,20.790000200271606
299,1.7165593743151843,18.899999499320984
300,1.8736816908694487,19.655999779701233
301,1.9861160226909718,19.655999779701233
302,2.0389692299322646,18.899999499320984
303,1.960025842710605,20.412000060081482
304,1.9160644987730069,20.790000200271606
305,1.8988274769796796,20.412000060081482
306,1.9054859414404317,19.655999779701233
307,2.043362439966453,20.033999919891357
308,2.232713199337201,20.412000060081482
309,2.215018486673574,20.033999919891357
310,2.1108705587112913,19.655999779701233
311,1.9958000372677769,18.144000470638275
312,1.9279361553112246,19.655999779701233
313,1.8415404387089411,19.27799963951111
314,1.71806090997983,20.033999919891357
315,1.8204031289544238,20.412000060081482
316,2.0688229216869196,19.655999779701233
317,2.363774524854391,21.546000480651855
318,2.633930599635976,20.412000060081482
319,2.768266702403415,20.033999919891357
320,2.807179087997707,19.655999779701233
321,2.743549576878568,20.412000060081482
322,2.7160470773429832,20.790000200271606
323,2.712494202221353,21.16800034046173
324,2.655233025247096,21.546000480651855
325,2.5473406880735423,21.16800034046173
326,2.505073037539002,21.546000480651855
327,3.506115249420001,20.790000200271606
328,3.743043506664184,21.16800034046173
329,3.8417942738234365,20.033999919891357
330,3.5949533472501725,19.27799963951111
331,3.280270280381544,18.899999499320984
332,3.1565179543405533,19.655999779701233
333,3.285325523440937,20.412000060081482
334,3.656406380332295,18.899999499320984
335,4.065072843871213,20.790000200271606
336,4.372027163379486,21.92400062084198
337,5.099017753190964,19.27799963951111
338,5.951010808164154,20.790000200271606
339,6.410457333397625,20.412000060081482
340,6.696941461021358,20.790000200271606
341,6.712310436036728,20.412000060081482
342,6.598337876685216,20.790000200271606
343,6.454468658367537,19.655999779701233
344,6.298554208164808,19.27799963951111
345,6.144302930155758,20.412000060081482
346,6.3010665349911035,20.790000200271606
347,6.59163225922883,18.899999499320984
348,6.39122477732347,19.27799963951111
349,6.10950305159563,21.16800034046173
350,5.836410385900662,21.92400062084198
351,5.909115575046132,19.27799963951111
352,6.063079578888818,19.27799963951111
353,6.309016441662507,20.033999919891357
354,6.627420187538172,21.16800034046173
355,6.855720348661714,20.033999919891357
356,7.0875791550780205,20.412000060081482
357,7.135145020557261,20.033999919891357
358,7.043259241328772,20.790000200271606
359,6.942358873208327,21.546000480651855
360,7.334115127002242,20.790000200271606
361,7.470334615699527,18.5220006108284
362,7.558346917393772,18.5220006108284
363,7.689213306725076,18.144000470638275
364,8.00725489825581,18.899999499320984
365,8.028149670183232,18.144000470638275
366,8.013096831898682,18.144000470638275
367,7.848842491271194,17.388000190258026
368,7.550316031587268,19.655999779701233
369,7.98064326354688,20.412000060081482
370,8.489232205484841,20.033999919891357
371,9.00437166775332,20.790000200271606
372,9.329318784482616,19.655999779701233
373,9.481717230120564,20.790000200271606
374,9.595532138903083,21.92400062084198
375,9.778433427068828,20.033999919891357
376,9.976181912952113,18.899999499320984
377,10.103823654698946,18.899999499320984
378,9.59528241029912,20.033999919891357
379,9.17397468222248,20.790000200271606
380,8.962689473819303,21.16800034046173
381,8.961936077644717,22.68000090122223
382,9.121646682827667,20.412000060081482
383,9.75083005202909,20.790000200271606
384,10.055804637406462,20.412000060081482
385,9.931023904792758,21.16800034046173
386,9.946581328361756,20.412000060081482
387,9.987767482638949,19.655999779701233
388,10.384633883533736,20.033999919891357
389,10.718132526160305,20.033999919891357
390,10.84117098592704,19.27799963951111
391,10.981533416339781,17.388000190258026
392,10.78178696068219,18.899999499320984
393,10.532025981352373,18.144000470638275
394,10.123135458252458,18.899999499320984
395,10.054413136499969,18.144000470638275
396,10.149899471500843,19.27799963951111
397,10.48357555030358,18.5220006108284
398,10.8092732385925,21.92400062084198
399,11.099228748752106,20.412000060081482
400,11.63999346143825,20.790000200271606
401,12.466670197481307,21.92400062084198
402,13.531028983211456,20.790000200271606
403,14.737095992618443,22.68000090122223
404,16.041609232892668,23.436001181602478
405,16.724560861369756,25.32599937915802
406,17.669874392367337,20.033999919891357
407,18.841943770932545,21.92400062084198
408,19.933281097694923,23.436001181602478
409,20.498375598728398,20.790000200271606
410,20.471468973598487,20.412000060081482
411,20.521010187565825,23.813998818397522
412,20.31996127117725,20.412000060081482
413,20.542196341675474,18.5220006108284
414,20.816996053041375,21.546000480651855
415,21.040207389936437,18.5220006108284
416,21.312854383864895,19.655999779701233
417,21.349604009423267,21.546000480651855
418,21.17398855753519,20.033999919891357
419,20.722349366067817,19.655999779701233
420,20.772782361807632,18.899999499320984
421,21.32704600816244,19.655999779701233
422,21.771493987783316,20.412000060081482
423,21.924013148301057,22.302000761032104
424,21.96445609060019,19.655999779701233
425,21.92945552347952,22.68000090122223
426,21.99202444852255,21.16800034046173
427,22.12036493976331,23.058001041412354
428,22.21348602053513,20.412000060081482
429,22.253877453850055,18.899999499320984
430,22.32404383002707,21.92400062084198
431,22.357225940901074,17.0100000500679
432,22.23365994003361,17.76600033044815
433,22.113363392364,inf
434,23.440402289346892,22.68000090122223
435,24.74376282441491,19.655999779701233
436,25.315443692452696,20.790000200271606
437,24.835274369417935,20.033999919891357
438,24.179079486980747,20.033999919891357
439,23.41033650186962,18.899999499320984
440,22.90057882481367,inf
441,22.68073188469747,14.742000460624695
442,22.502556684938305,18.144000470638275
443,22.275485556012402,24.947999238967896
444,22.256632906914593,19.27799963951111
445,22.259034720246234,19.27799963951111
446,22.284202136963373,20.033999919891357
447,22.31674530760176,20.033999919891357
448,22.301643316844086,22.68000090122223
449,22.277463513655416,18.899999499320984
450,22.211859348107613,23.058001041412354
451,22.009134932137208,18.899999499320984
452,21.859881461636252,18.899999499320984
453,21.7286154959537,23.436001181602478
454,21.647862132800007,23.058001041412354
455,21.629006927445324,inf
456,21.607180866358753,20.790000200271606
457,21.55331378953275,inf
458,21.514700593345427,inf
459,21.540769769833062,23.058001041412354
460,21.61446652069479,15.497999489307404
461,22.634633956777282,inf
462,23.616091246562146,18.5220006108284
463,24.280939065085597,18.5220006108284
464,24.735344284031925,inf
465,25.123291967735323,13.608000040054321
466,25.24031138229698,inf
467,25.288445058397084,7.56000030040741
468,25.373001010956163,inf
469,25.752529985538512,6.804000020027161
470,26.121842404272478,inf
471,26.420312567256744,2.2680000588297844
472,26.573299653524142,-inf
473,26.62115970817714,inf
474,26.63406539942608,29.862001061439514
475,26.632399592186573,inf
476,26.662927278998502,13.986000180244446
477,26.683831612437597,inf
478,26.699631126475815,8.315999954938889
479,26.722638634500708,inf
480,26.675884457546804,29.106000781059265
481,26.60218966078138,inf
482,27.208164726285208,39.68999969959259
483,27.62700017662352,inf
484,26.89563821619346,12.851999759674072
485,25.886896869018344,-inf
486,25.062858323287248,inf
487,24.569801588416748,18.144000470638275
488,24.2904449817368,inf
489,23.96533573649504,23.436001181602478
490,24.221648078190192,inf
491,24.452425166348668,30.995998978614807
492,24.501344079686223,inf
493,27.32889723975369,17.0100000500679
494,29.380436841994207,17.0100000500679
495,31.231066570988098,18.899999499320984
496,32.079425409971094,27.216000080108643
497,32.15684622929889,27.216000080108643
498,31.992898604383942,inf
499,31.66589744017949,26.08199965953827
500,31.549377178657753,17.76600033044815
501,31.374026273266242,inf
502,31.179984976334378,17.0100000500679
503,31.038299844450833,inf
504,30.2522353749583,29.48400092124939
505,29.557912758452623,20.790000200271606
506,29.00178092269747,inf
507,28.806632601338308,9.827999889850616
508,28.801813563314983,inf
509,27.005479248652517,27.97200036048889
510,25.734256927196103,inf
511,25.434121290369585,20.412000060081482
512,25.440907230973636,inf
513,25.82848209385928,23.058001041412354
514,26.04925609952523,inf
515,25.69472084655165,14.36400032043457
516,25.357062647923975,inf
517,25.123175697464546,62.74799823760986
518,24.981329515875583,23.813998818397522
519,25.01054069136139,inf
520,23.862462082796373,18.899999499320984
521,22.813433034168394,23.813998818397522
522,22.169542740063807,24.191998958587646
523,21.813189233433,20.033999919891357
524,21.72888791182969,17.0100000500679
525,21.6913631168364,17.0100000500679
526,21.716835871635126,7.56000030040741
527,21.84852926686999,24.947999238967896
528,21.95577692364402,inf
529,22.032127651056808,20.412000060081482
530,22.112682143538606,inf
531,22.332551959223427,37.0440012216568
532,22.544792017039217,inf
533,22.69593760769922,24.947999238967896
534,23.089954465028885,15.497999489307404
535,23.63615805645248,inf
536,24.16435008684588,19.655999779701233
537,24.85981131369878,18.5220006108284
538,25.110196235468294,inf
539,25.2022417484668,inf
540,25.10883797094754,51.030001401901245
541,24.741858373501902,24.191998958587646
542,24.54990070426724,inf
543,24.428835945955903,18.5220006108284
544,24.390438705510217,inf
545,23.842389466855096,41.58000040054321
546,23.27921020748623,inf
547,22.89957793722574,24.56999909877777
548,23.52538023556329,inf
549,23.696444144301783,35.5320006608963
550,24.08953163346292,inf
551,24.65877440083606,21.16800034046173
552,24.86457408862273,inf
553,25.441734749937275,21.16800034046173
554,25.998356341861925,27.97200036048889
555,26.291041851702456,inf
556,26.340251085640265,49.13999819755554
557,26.146589183785384,inf
558,26.045994929956308,23.436001181602478
559,25.879527165201246,23.058001041412354
560,25.910142714749608,16.253999769687653
561,25.920225987849943,inf
562,26.11523362842896,22.68000090122223
563,26.208425790384357,inf
564,26.432100376728933,31.37399911880493
565,26.423823659941828,29.862001061439514
566,26.63954473550813,34.0200001001358
567,26.7307559064195,28.72800064086914
568,26.79472821494509,31.751999258995056
569,27.06519099659962,inf
570,31.47053919055642,23.058001041412354
571,34.78398945591353,inf
572,36.913027153249516,26.459999799728394
573,37.787569432436705,30.24000120162964
574,37.59160634210535,18.899999499320984
575,37.2745450468091,inf
576,37.04814504428173,16.253999769687653
577,36.82981564559981,inf
578,36.28004208967993,28.350000500679016
579,35.74241458725071,18.144000470638275
580,34.77553066488772,34.0200001001358
581,33.809239114804136,21.546000480651855
582,33.20469147292531,inf
583,32.85284857599401,21.92400062084198
584,32.743977935169,21.92400062084198
585,32.71200091774065,inf
586,32.643228510991705,21.92400062084198
587,32.62187829914208,23.058001041412354
588,32.54866264866944,26.837999939918518
589,32.54508214748822,inf
590,32.52212423660766,30.24000120162964
591,33.361425181013985,26.08199965953827
592,34.27778003138488,inf
593,35.232533312266845,26.459999799728394
594,35.782155840092635,29.862001061439514
595,36.073835172200134,27.97200036048889
596,36.06340701174487,29.106000781059265
597,36.01587177370191,26.08199965953827
598,35.97806261406057,inf
599,35.89150634360194,30.24000120162964
600,35.839094377249616,inf
601,35.753985363786576,27.216000080108643
602,35.614165517735245,inf
603,35.40044932360326,27.594000220298767
604,35.24138453616288,27.216000080108643
605,35.0591637227776,26.837999939918518
606,35.0301887848788,23.813998818397522
607,34.9885442945575,23.436001181602478
608,35.27061709778658,21.546000480651855
609,35.4408705412602,inf
610,35.6895538659527,27.594000220298767
611,35.77474861778882,21.16800034046173
612,35.78472666198337,inf
613,35.74829620671666,23.058001041412354
614,35.77328002124256,21.546000480651855
615,35.81209520642196,21.92400062084198
616,36.00515903644202,19.655999779701233
617,36.21573351598371,22.68000090122223
618,36.501210436341964,25.703999519348145
619,36.592472593670756,21.92400062084198
620,36.35131187494022,20.033999919891357
621,36.19823733122756,18.144000470638275
622,36.12005327844715,inf
623,36.10893448869287,inf
624,35.946130357258646,25.703999519348145
625,35.95628651767768,inf
626,35.9190612790329,22.68000090122223
627,35.694807234056796,24.191998958587646
628,35.563047239308304,21.92400062084198
629,35.406994211053906,inf
630,35.687855523985405,21.92400062084198
631,35.692322444929765,24.191998958587646
632,35.48672978853651,19.27799963951111
633,35.305977293320915,17.388000190258026
634,35.33636845854068,21.546000480651855
635,35.56351514768087,18.899999499320984
636,35.76135265177724,18.899999499320984
637,35.61494787956376,20.790000200271606
638,35.32740898017593,20.412000060081482
639,34.89963646701501,20.033999919891357
640,34.579116982339386,20.790000200271606
641,34.41905290763337,20.033999919891357
642,34.28411593584639,19.27799963951111
643,33.79475587246218,18.899999499320984
644,33.424073231790736,20.412000060081482
645,33.298846609315184,17.388000190258026
646,33.92128674411332,19.655999779701233
647,34.86914950514326,17.76600033044815
648,34.219540738025344,19.655999779701233
649,33.22552180487446,16.631999909877777
650,32.44421710224457,23.058001041412354
651,32.01183070711056,18.899999499320984
652,31.96572136849995,21.16800034046173
653,31.99163315268715,21.16800034046173
654,31.91373471117532,19.655999779701233
655,31.823469571586468,21.546000480651855
656,31.76992335284963,17.388000190258026
657,31.757743915671885,17.76600033044815
658,31.77681035080981,22.68000090122223
659,31.785420074874473,20.790000200271606
660,31.807834423212487,19.655999779701233
661,31.820942203860557,19.655999779701233
662,31.700555478182462,19.27799963951111
663,31.629489335555323,21.16800034046173
664,31.738397448005983,21.92400062084198
665,31.963145208327223,19.655999779701233
666,32.25302857094095,18.144000470638275
667,32.46137060729181,20.033999919891357
668,32.56352957502258,20.790000200271606
669,32.59362649041416,inf
670,32.63035768664172,18.899999499320984
671,32.8017823228267,16.253999769687653
672,33.41699516243425,18.144000470638275
673,34.36083746323529,19.27799963951111
674,35.24837341283025,19.655999779701233
675,35.74760792511451,18.144000470638275
676,35.96307007250398,18.899999499320984
677,36.01107931872171,17.388000190258026
678,36.017460107929686,19.655999779701233
679,35.96598328694914,18.144000470638275
680,36.26071089829444,18.5220006108284
681,37.808440109579784,17.76600033044815
682,39.69165299474954,17.388000190258026
683,42.1635884073462,inf
684,43.77099912414354,inf
685,45.21819172412377,12.851999759674072
686,46.56186715243523,inf
687,47.79990351954332,17.76600033044815
688,49.44984154070828,inf
689,51.77069458213958,15.875999629497528
690,53.62219994349424,14.742000460624695
691,54.67718089191776,22.302000761032104
692,55.12981521129025,12.095999479293823
693,55.170774160124346,inf
694,55.3291043132634,11.718000590801239
695,55.533456464772684,inf
696,58.228113291504386,12.095999479293823
697,60.26913240795925,inf
698,61.59687037712581,inf
699,62.4872575823166,13.986000180244446
700,62.66737970885105,inf
701,62.752829965829555,10.96200031042099
702,62.792420602997126,inf
703,62.8529183425557,14.36400032043457
704,62.90210130085239,14.36400032043457
705,62.95866515567978,10.206000030040741
706,63.010475147427535,10.96200031042099
707,63.112238453619334,15.12000060081482
708,63.12991492448404,inf
709,63.089258209913694,11.340000450611115
710,63.04183179570555,14.742000460624695
711,63.068956682214576,inf
712,63.72355939208295,9.449999749660492
713,64.71043516477825,inf
714,65.74433483354953,12.851999759674072
715,66.22956024125523,16.631999909877777
716,66.22865527619484,inf
717,66.30206771645487,10.206000030040741
718,66.29770297249537,inf
719,66.33462941018136,inf
720,66.19070120082476,13.229999899864197
721,66.04854445470373,17.388000190258026
722,65.97960963317651,20.790000200271606
723,65.95546674250951,inf
724,66.01905114549234,7.182000160217285
725,66.06997376638802,inf
726,66.100971379298,12.851999759674072
727,66.11794002978445,inf
728,66.12063355978412,inf
729,66.23202458383489,12.851999759674072
730,66.27862507588983,inf
731,66.94556363232371,11.340000450611115
732,67.41042669671418,inf
733,67.75203918066728,13.229999899864197
734,67.93738476385208,13.229999899864197
735,67.69786959314297,26.08199965953827
736,67.51652081970863,26.08199965953827
737,67.31639636976544,inf
738,67.30787715403385,12.095999479293823
739,67.35597275311176,12.095999479293823
740,67.2996202579654,20.412000060081482
741,67.16997176143964,16.631999909877777
742,67.10480038555913,inf
743,67.0764467421786,13.608000040054321
744,67.1251196477068,12.473999619483948
745,67.16526981894204,inf
746,67.29035689049786,9.449999749660492
747,67.3878599426422,21.92400062084198
748,67.36720556853182,inf
749,69.07908458932982,11.718000590801239
750,70.35737607637472,11.718000590801239
751,71.56588313841686,inf
752,72.53680493622838,9.449999749660492
753,72.85028325628433,inf
754,73.31388724681517,12.851999759674072
755,73.62803036725603,15.12000060081482
756,73.96476740207616,inf
757,74.15312604527843,9.072000235319138
758,74.20686080281376,14.742000460624695
759,73.85702925085536,13.229999899864197
760,73.78211600873493,inf
761,73.94561056501861,13.986000180244446
762,74.09319455199717,inf
763,74.20981041840824,12.851999759674072
764,74.23218394812157,inf
765,74.21630469562183,inf
766,74.32314133190943,12.095999479293823
767,74.4572199789078,inf
768,74.55110222228568,inf
769,76.80371602360628,19.655999779701233
770,78.49946236344933,16.631999909877777
771,79.55043270592422,inf
772,79.97173462853416,10.96200031042099
773,79.87571133881092,10.96200031042099
774,79.64669292432939,inf
775,79.61026216345365,19.27799963951111
776,79.64113691471042,inf
777,79.71678459383966,14.36400032043457
778,79.80503290388876,inf
779,79.86625049762031,14.36400032043457
780,79.90090042333412,14.36400032043457
781,79.92919291852711,17.76600033044815
782,80.04364057014772,18.144000470638275
783,80.21742311073527,inf
784,80.59557768090318,11.718000590801239
785,80.95426977504525,13.229999899864197
786,81.26312319123747,3.023999869823456
787,81.46235577183296,3.4020000100135803
788,81.53585076209963,inf
789,81.49723959663578,3.780000150203705
790,81.47835989749575,inf
791,81.8497663020993,12.473999619483948
792,82.22942492654474,13.229999899864197
793,82.5263146292426,inf
794,82.71793097661669,-inf
795,82.79568376885761,4.157999977469444
796,82.73457396604964,inf
797,84.22802427991746,18.5220006108284
798,85.34952176458658,inf
799,87.19913556308565,12.473999619483948
800,87.95084482748486,inf
801,88.48122891017124,9.827999889850616
802,88.82438428121924,inf
803,89.00505957935873,10.584000170230865
804,89.15478614618017,inf
805,88.95131345383446,12.473999619483948
806,88.90589848063279,inf
807,78.72716131417462,37.42199885845184
808,70.96470675151473,inf
809,65.76650604221145,18.899999499320984
810,62.82296272268428,inf
811,63.27792429142313,15.12000060081482
812,63.73736180195395,inf
813,64.11783474034398,17.0100000500679
814,64.10938214131001,12.473999619483948
815,63.841109337115405,inf
816,63.593534486886696,10.584000170230865
817,63.46481274593875,14.36400032043457
818,63.489161531665665,inf
819,63.55289541152304,12.095999479293823
820,63.61243489039517,7.56000030040741
821,63.82057060615266,inf
822,64.25540891422621,16.253999769687653
823,64.83394208752392,inf
824,65.22564148244133,inf
825,67.74980852427747,9.827999889850616
826,69.60776265328067,inf
827,70.13174208202344,12.095999479293823
828,70.14772166360464,inf
829,69.66080186455956,18.899999499320984
830,69.38206639732785,inf
831,69.71564128330216,6.047999739646912
832,69.182174925294,13.986000180244446
833,68.53501562254283,inf
834,66.88344706324109,6.425999879837036
835,65.09657424051441,inf
836,64.26649700492186,18.144000470638275
837,63.865096264244386,18.144000470638275
838,63.42613706562323,inf
839,63.37828716551115,12.095999479293823
840,63.27492124708478,inf
841,63.196170811631596,18.5220006108284
842,63.0338960918091,inf
843,62.80685067686411,9.827999889850616
844,62.665576328888,-inf
845,63.05372455434837,inf
846,59.68552220588165,73.33200216293335
847,56.84966619241542,inf
848,54.71088331827803,12.851999759674072
849,53.54268802285567,52.91999959945679
850,53.37425157029456,36.28800094127655
851,53.429188715729985,18.144000470638275
852,53.33905162872245,inf
853,55.823405825980885,62.37000060081482
854,58.38790701665218,inf
855,61.5841778290278,2.2680000588297844
856,63.704438744308874,inf
857,64.76714262376653,45.7379994392395
858,65.19091900287077,inf
859,67.24119864946354,13.986000180244446
860,68.69207611029343,inf
861,70.17405138354319,16.631999909877777
862,71.09439819072114,inf
863,71.27298594718606,20.033999919891357
864,71.29129347094455,inf
865,71.25648884419138,25.32599937915802
866,71.33035065019303,inf
867,71.41002580800512,inf
868,73.60250959219702,72.95399951934814
869,75.37402105726233,inf
870,75.37035745317738,36.28800094127655
871,74.99535610059407,inf
872,74.38179095574328,56.70000100135803
873,73.96103587547735,29.48400092124939
874,73.85082425371434,inf
875,73.12236956923853,23.813998818397522
876,72.53527070264599,inf
877,71.52899742146191,72.1979992389679
878,70.74393317942159,inf
879,70.32590535559714,inf
880,70.18694760049945,11.718000590801239
881,70.21540461718057,11.718000590801239
882,70.32104241504513,37.79999899864197
883,70.38152328499162,60.85800004005432
884,70.45982103451504,58.589999198913574
885,70.43719311208116,inf
886,70.49183020833794,17.0100000500679
887,70.57708900473446,35.5320006608963
888,70.63598002937223,35.5320006608963
889,70.669081683271,inf
890,69.96729727365597,56.70000100135803
891,69.80593341850862,inf
892,70.06255389832728,52.16399931907654
893,70.38479590922755,59.72400212287903
894,70.73758880157031,61.991997957229614
895,70.84043261706942,54.05399751663208
896,70.89382311325332,26.08199965953827
897,70.98919859573178,65.39400172233582
898,71.13528077853138,inf
899,70.92750281354328,38.17799913883209
900,70.62040862954511,inf
901,70.49019553462459,58.21200156211853
902,70.42815717084622,60.48000240325928
903,70.42082800059654,inf
904,70.01078910388226,63.88200116157532
905,69.74610522514487,inf
906,69.40251791397253,52.54200196266174
907,69.21006266884434,inf
908,69.1499664776943,24.947999238967896
909,69.12363165727409,34.0200001001358
910,69.25261994623239,58.21200156211853
911,69.41684671671432,42.33600068092346
912,69.63251853811009,55.94400072097778
913,69.77343627601527,55.94400072097778
914,70.04884625179236,44.98199915885925
915,70.37703001093296,62.37000060081482
916,70.8444407378181,60.85800004005432
917,71.34260382618955,65.39400172233582
918,71.88022287556157,61.235997676849365
919,72.30919734678189,inf
920,72.20195179398733,57.077998638153076
921,72.02046658846125,45.7379994392395
922,71.65712749826774,54.05399751663208
923,71.05027882995185,54.432000160217285
924,70.45662963916266,inf
925,69.97289847802881,43.84800124168396
926,69.58087403992862,48.38399791717529
927,69.4159237279544,54.05399751663208
928,69.2827631169376,58.589999198913574
929,68.9707247807303,51.030001401901245
930,68.64087514826649,inf
931,68.43944561346825,53.29800224304199
932,68.31379235387517,55.94400072097778
933,68.14012538709359,52.54200196266174
934,67.9810593456973,36.28800094127655
935,67.83984201156808,51.786001682281494
936,68.03203376743957,48.7620005607605
937,68.34827496369974,32.507999539375305
938,68.61688202055751,52.91999959945679
939,68.70872938368677,53.29800224304199
940,68.77098494798393,inf
941,68.75553916503034,51.40799903869629
942,68.94037122373499,58.21200156211853
943,69.08679727077772,58.21200156211853
944,69.01334515163889,49.13999819755554
945,69.05057421245637,50.65199875831604
946,69.13493685203034,54.432000160217285
947,69.54009375450032,47.25
948,70.09729533818475,50.65199875831604
949,70.64675782783533,45.7379994392395
950,71.20520090360412,inf
951,71.71230872795094,54.05399751663208
952,72.10004506238425,51.030001401901245
953,72.5068866897057,inf
954,72.4800246142885,45.36000180244446
955,72.21383777315963,52.54200196266174
956,71.66803817899586,47.25
957,71.09177498294423,44.60400152206421
958,70.07273247359076,inf
959,69.01856434873524,41.95800054073334
960,67.91777742440986,47.25
961,66.8941103008078,42.33600068092346
962,65.89372961124015,41.95800054073334
963,65.0829297983768,inf
964,65.55783793743966,46.49399971961975
965,66.03923749756565,48.7620005607605
966,66.65955374610556,42.713998317718506
967,67.29952136218289,46.49399971961975
968,67.99951203523077,45.7379994392395
969,68.85635189382354,42.713998317718506
970,69.7514876008555,46.11600208282471
971,70.52118854716328,42.713998317718506
972,71.34267459879268,43.84800124168396
973,72.14926720019119,42.713998317718506
974,72.98081149481563,40.44599997997284
975,73.58797879973854,42.713998317718506
976,74.0969342313155,43.469998598098755
977,74.4198561296089,42.713998317718506
978,74.52407122330784,43.469998598098755
979,74.60176424233379,41.58000040054321
980,74.4501929680253,43.469998598098755
981,73.89181442199902,40.44599997997284
982,73.22329245710301,38.93399941921234
983,72.12250364884062,38.17799913883209
984,70.9802734527719,37.79999899864197
985,69.85288340230291,38.17799913883209
986,68.74936164897045,36.28800094127655
987,67.68103852328271,40.44599997997284
988,66.66351252094495,37.42199885845184
989,65.88843555766798,37.0440012216568
990,65.40037374610029,38.55599927902222
991,65.02220492361135,35.5320006608963
992,65.00052268568598,40.824000120162964
993,65.14438191449389,38.55599927902222
994,65.52247519588335,37.42199885845184
995,66.21362280558586,40.067999839782715
996,67.04631453215808,40.824000120162964
997,67.83283608060988,38.93399941921234
998,68.65681655268963,37.42199885845184
999,69.56156706794545,38.17799913883209
1000,70.39634004843889,37.42199885845184
1001,71.57578628961843,35.910000801086426
1002,72.51820073904635,37.42199885845184
1003,72.85863707577685,36.28800094127655
1004,73.07769080372951,35.5320006608963
1005,72.88632660509585,35.15400052070618
1006,72.38769080571866,33.64199995994568
1007,71.83311586683146,33.263999819755554
1008,70.61899406942244,32.507999539375305
1009,69.40850504874555,30.995998978614807
1010,67.68393337355464,29.862001061439514
1011,66.08939176942583,31.751999258995056
1012,64.70120238786743,30.24000120162964
1013,63.5446558081985,30.995998978614807
1014,62.792694254528854,29.48400092124939
1015,62.223982480138424,31.37399911880493
1016,61.931733053810056,29.106000781059265
1017,61.99706541384619,30.617998838424683
1018,62.57464715149923,30.24000120162964
1019,64.19744321291435,29.862001061439514
1020,65.80017239925199,30.617998838424683
1021,67.27948302021326,29.862001061439514
1022,68.73607896541708,30.617998838424683
1023,70.15586217800926,29.862001061439514
1024,71.66273784978775,29.48400092124939
1025,72.92672093524104,30.617998838424683
1026,74.11518769347326,27.97200036048889
1027,74.90486379716926,28.350000500679016
1028,75.41659351486206,27.594000220298767
1029,75.36701056963835,27.97200036048889
1030,75.0287565733572,27.216000080108643
1031,74.37371926211395,26.459999799728394
1032,72.57481149417536,25.703999519348145
1033,70.76169492448183,24.947999238967896
1034,69.08686298671822,25.703999519348145
1035,67.34296051554263,24.56999909877777
1036,65.4852567806884,23.813998818397522
1037,63.45072055499654,24.56999909877777
1038,61.539938178405365,24.191998958587646
1039,59.7518388961897,23.813998818397522
1040,58.416545985431874,23.058001041412354
1041,57.38203423008556,22.68000090122223
1042,56.654406979952356,23.436001181602478
1043,56.50815853260427,22.302000761032104
1044,56.865609668044605,22.68000090122223
1045,57.76729502882894,22.302000761032104
1046,59.87206462239445,22.68000090122223
1047,62.141787206911744,21.92400062084198
1048,65.62368387908516,22.302000761032104
1049,68.90300727404589,22.68000090122223
1050,71.68914431395304,21.92400062084198
1051,74.01255298051552,21.546000480651855
1052,75.74424978047372,21.92400062084198
1053,77.12612056775954,20.790000200271606
1054,78.2009778697115,19.655999779701233
1055,78.1827383846334,18.899999499320984
1056,77.16554702222959,18.144000470638275
1057,73.42903842690089,17.76600033044815
1058,71.36057128758819,18.144000470638275
1059,70.43190009301708,18.5220006108284
1060,70.68701468861373,18.899999499320984
1061,71.79566356316118,18.5220006108284
1062,73.06721526516276,18.899999499320984
1063,73.8895273626465,18.899999499320984
1064,74.97208373763968,20.033999919891357
1065,76.35271677917612,20.412000060081482
1066,78.00250845805014,21.546000480651855
1067,80.30880498772443,22.302000761032104
1068,81.64312856586587,21.92400062084198
1069,83.85440107832008,21.546000480651855
1070,84.9364385648911,21.16800034046173
1071,85.40028050635489,20.790000200271606
1072,85.58711140938019,20.412000060081482
1073,85.55181084308646,20.790000200271606
1074,85.53696424409131,20.412000060081482
1075,85.77328162246647,20.033999919891357
1076,85.97597098556125,19.655999779701233
1077,86.04255320239739,19.27799963951111
1078,85.9537002496864,18.899999499320984
1079,85.82892470271611,18.144000470638275
1080,85.41783433920206,18.5220006108284
1081,84.79106044838247,18.899999499320984
1082,84.05403866642172,19.27799963951111
1083,83.7454447203163,18.899999499320984
1084,83.85912363028446,19.655999779701233
1085,84.33073168826749,20.790000200271606
1086,84.71281785813775,20.790000200271606
1087,85.76113721242193,21.16800034046173
1088,87.15125814098836,20.412000060081482
1089,88.8614478924647,20.790000200271606
1090,90.709641270475,21.16800034046173
1091,92.22938799504904,20.412000060081482
1092,93.04439530921904,21.546000480651855
1093,93.29658497496126,20.033999919891357
1094,95.81462750501645,20.790000200271606
1095,97.87846925220586,19.655999779701233
1096,99.3985615841909,19.27799963951111
1097,100.01145208474445,19.655999779701233
1098,100.40665447229789,18.899999499320984
1099,100.73732116928403,19.27799963951111
1100,101.06730001949977,18.899999499320984
1101,101.87745738246771,18.5220006108284
1102,102.70480461810659,20.790000200271606
1103,103.890029989097,22.302000761032104
1104,105.56181779589969,23.436001181602478
1105,107.36361824560524,24.191998958587646
1106,109.24972422836132,23.813998818397522
1107,111.00848422706008,27.216000080108643
1108,112.53218468015896,30.24000120162964
1109,113.46049576528141,32.12999939918518
1110,115.15502095711875,30.995998978614807
1111,117.2701566719492,34.39800024032593
1112,118.67308658450985,32.12999939918518
1113,119.61109163691727,31.37399911880493
1114,119.90989084827389,29.48400092124939
1115,119.99136748769403,30.617998838424683
1116,120.01361293623121,28.350000500679016
1117,120.00635393607033,30.995998978614807
1118,120.00362461931141,30.995998978614807
1119,119.89607613595945,27.97200036048889
1120,119.54452236676286,29.862001061439514
1121,119.3162182304816,29.48400092124939
1122,118.93447923447947,29.106000781059265
1123,118.92424805199815,25.703999519348145
1124,118.75881527484148,28.72800064086914
1125,118.13856642093353,28.350000500679016
1126,117.84495331412334,27.97200036048889
1127,117.5541596284829,29.48400092124939
1128,117.46773343667863,26.08199965953827
1129,117.53602862165185,28.350000500679016
1130,117.6059160251796,27.97200036048889
1131,117.66872334902385,27.97200036048889
1132,117.98087979063133,26.08199965953827
1133,118.2009453939385,26.08199965953827
1134,118.41889968395589,30.24000120162964
1135,118.5798474959604,27.594000220298767
1136,118.47086334421975,26.837999939918518
1137,118.50348546719808,24.947999238967896
1138,118.4477551062437,27.216000080108643
1139,118.63160436397186,26.08199965953827
1140,118.66686183669317,26.837999939918518
1141,118.60126186481003,24.947999238967896
1142,118.37545573347317,25.703999519348145
1143,118.23245420957484,23.436001181602478
1144,118.18578631917059,24.947999238967896
1145,118.17534688335012,24.191998958587646
1146,118.19447219609002,24.947999238967896
1147,118.04093957908088,24.56999909877777
1148,117.91444541278109,26.08199965953827
1149,117.80931360549909,24.191998958587646
1150,117.78994141980937,23.436001181602478
1151,117.87324962344337,22.302000761032104
1152,117.97863596778025,23.813998818397522
1153,118.04211851633745,22.302000761032104
1154,118.02519755901886,21.92400062084198
1155,118.00081576334678,23.058001041412354
1156,117.97379989633068,21.92400062084198
1157,117.76878546969309,23.058001041412354
1158,117.56162847319739,21.92400062084198
1159,117.46688612894548,21.546000480651855
1160,117.20580550822113,22.302000761032104
1161,117.1767856441982,21.546000480651855
1162,117.15312195944007,22.302000761032104
1163,117.256725802742,21.16800034046173
1164,117.84549174440573,22.302000761032104
1165,118.34067709763985,21.16800034046173
1166,118.65435674466772,20.790000200271606
1167,119.08470541284693,21.92400062084198
1168,119.37909955727218,21.546000480651855
1169,119.82978362272306,21.16800034046173
1170,120.08081250972086,20.412000060081482
1171,120.42925814748058,22.302000761032104
1172,120.46821274280694,20.790000200271606
1173,119.73388804824734,18.899999499320984
1174,118.53412494378468,18.144000470638275
1175,117.14141426972274,17.76600033044815
1176,115.50750994865118,18.144000470638275
1177,114.1846032549419,19.27799963951111
1178,113.48063876160116,20.412000060081482
1179,113.20169905307628,20.790000200271606
1180,114.69073760934953,21.546000480651855
1181,116.5696778860212,21.16800034046173
1182,118.54152741683991,21.546000480651855
1183,119.79714869426498,21.546000480651855
1184,120.6999470384666,20.412000060081482
1185,121.57623349882326,21.92400062084198
1186,122.08156115544318,21.92400062084198
1187,122.37554466258487,20.790000200271606
1188,122.61221671914298,22.302000761032104
1189,123.3254781940934,20.790000200271606
1190,124.20133121801622,21.546000480651855
1191,124.93066673154838,20.790000200271606
1192,125.33080159603051,22.302000761032104
1193,125.4754789671351,20.033999919891357
1194,125.51028174125815,20.790000200271606
1195,125.27401583670718,19.655999779701233
1196,124.90006545297338,18.5220006108284
1197,124.24726025924306,18.899999499320984
1198,123.08036903109407,17.388000190258026
1199,121.26442778279196,18.899999499320984
1200,119.12518603443455,20.412000060081482
1201,117.73752407809481,20.412000060081482
1202,117.63515864143271,19.27799963951111
1203,118.82844615471538,20.033999919891357
1204,121.50967001856144,20.412000060081482
1205,122.89232711685723,20.033999919891357
1206,123.66094331028313,18.899999499320984
1207,123.96079285476227,20.412000060081482
1208,124.40473513353305,20.033999919891357
1209,124.63104367206634,18.5220006108284
1210,124.45277222890175,18.899999499320984
1211,123.87125649333977,18.5220006108284
1212,122.13083486511947,18.144000470638275
1213,120.15186904570879,18.5220006108284
1214,118.5346889039298,19.27799963951111
1215,117.99291020725538,18.899999499320984
1216,118.12042453504745,19.655999779701233
1217,119.09275217669622,18.899999499320984
1218,120.58625332949535,18.5220006108284
1219,121.85881205736408,17.0100000500679
1220,123.03376523990755,16.253999769687653
1221,124.09927524591602,15.875999629497528
1222,125.29906417131645,15.12000060081482
1223,127.12714015049666,15.875999629497528
1224,128.83831730560388,16.631999909877777
1225,130.50299840969606,15.875999629497528
1226,132.27664926788435,15.497999489307404
1227,133.95630853004576,13.986000180244446
1228,135.5955316906651,13.608000040054321
1229,136.99104531291462,14.36400032043457
1230,138.10168140391102,12.473999619483948
1231,139.11648058565726,12.851999759674072
1232,140.25412930112864,12.473999619483948
1233,141.54239280330452,12.095999479293823
1234,142.76386760357778,13.229999899864197
1235,144.17780668138042,12.473999619483948
1236,145.30235123655342,12.851999759674072
1237,146.1665131719946,13.229999899864197
1238,146.78356194698418,12.851999759674072
1239,147.17591984205885,12.095999479293823
1240,147.48780292936848,11.718000590801239
1241,147.68859758163785,12.851999759674072
1242,147.77770267111927,12.473999619483948
1243,147.80462191460555,12.095999479293823
1244,147.79715197524013,13.608000040054321
1245,147.78319118814423,12.473999619483948
1246,147.77310357243525,13.608000040054321
1247,147.76345048518527,12.095999479293823
1248,147.74271333579745,12.851999759674072
1249,147.72490095806032,12.095999479293823
1250,147.69493782408856,12.473999619483948
1251,147.67161244299425,12.095999479293823
1252,147.63877369049598,12.473999619483948
1253,147.61426504100572,12.851999759674072
1254,147.58568222604706,12.473999619483948
1255,147.5493868785388,13.229999899864197
1256,147.5232373248446,12.851999759674072
1257,147.50330326008034,12.473999619483948
1258,147.48938550987913,13.229999899864197
1259,147.47925499454107,12.095999479293823
1260,147.46968221085075,12.851999759674072
1261,147.46141578509588,13.986000180244446
1262,147.45081599406558,12.851999759674072
1263,147.44088827955906,12.095999479293823
1264,147.43158408942068,12.473999619483948
1265,147.4065154854908,13.229999899864197
1266,147.38588108374398,12.851999759674072
1267,147.3316689014624,13.229999899864197
1268,147.27728122507816,13.608000040054321
1269,147.23824745215035,12.095999479293823
1270,147.21204136864435,11.718000590801239
1271,147.1990278463272,13.229999899864197
1272,147.18961382040277,12.473999619483948
1273,147.18017281862933,13.229999899864197
1274,147.14358758793477,12.473999619483948
1275,147.1150862435947,12.851999759674072
1276,147.0712872874918,12.095999479293823
1277,147.03612682902028,12.851999759674072
1278,147.0122347509277,13.229999899864197
1279,146.99523714095523,12.473999619483948
1280,146.98364424113205,12.851999759674072
1281,146.9725282478731,13.229999899864197
1282,146.94735586839158,12.851999759674072
1283,146.92632445001956,13.608000040054321
1284,146.9081363183202,12.473999619483948
1285,146.8839395495673,12.851999759674072
1286,146.86587449880665,13.229999899864197
1287,146.84978970655274,12.851999759674072
1288,146.82124574539807,12.095999479293823
1289,146.80033032515806,12.851999759674072
1290,146.76884751532074,13.229999899864197
1291,146.74462268003404,12.851999759674072
1292,146.72699729929343,12.095999479293823
1293,146.71381080506842,12.851999759674072
1294,146.7031256839381,12.473999619483948
1295,146.6926477186088,12.851999759674072
1296,146.68193757186398,12.473999619483948
1297,146.67238392626427,12.851999759674072
1298,146.65196611399253,13.229999899864197
1299,146.62079559972565,12.473999619483948
1300,146.59580510583768,13.229999899864197
1301,146.57585940174957,11.718000590801239
1302,146.5625116729141,12.473999619483948
1303,146.55262357249867,13.229999899864197
1304,146.5427150750502,12.851999759674072
1305,146.49375029714056,12.473999619483948
1306,146.45345376091538,12.851999759674072
1307,146.40917048576978,12.095999479293823
1308,146.30963074983555,12.851999759674072
1309,146.24105048137656,13.229999899864197
1310,146.19333268507785,12.851999759674072
1311,146.16585633407445,12.095999479293823
1312,146.15578199632114,12.851999759674072
1313,146.14578440323075,12.473999619483948
1314,146.13639688860934,12.851999759674072
1315,146.12734031753786,12.473999619483948
1316,146.1184886328133,13.229999899864197
1317,146.10870363986854,12.851999759674072
1318,146.034038780866,13.229999899864197
1319,145.9758324928003,12.095999479293823
1320,145.9347210590431,12.851999759674072
1321,145.90953246055847,12.473999619483948
1322,145.89980748743156,12.851999759674072
1323,145.89024249648133,12.095999479293823
1324,145.88030352233343,12.851999759674072
1325,145.85644083393103,12.095999479293823
1326,145.83535087998897,13.608000040054321
1327,145.81746272361735,13.986000180244446
1328,145.8030106421485,12.851999759674072
1329,145.79329433273188,13.229999899864197
1330,145.78238944021516,12.851999759674072
1331,145.75693790630277,12.473999619483948
1332,145.73576922689202,13.229999899864197
1333,145.71650547707787,12.473999619483948
1334,145.68616624440935,12.851999759674072
1335,145.62815446216496,11.718000590801239
1336,145.58403867574765,12.851999759674072
1337,145.5526252471359,12.473999619483948
1338,145.53425692282426,13.229999899864197
1339,145.52448386449026,12.473999619483948
1340,145.51406537298544,13.229999899864197
1341,145.5050559536605,12.851999759674072
1342,145.49654290965702,12.473999619483948
1343,145.48777592516512,12.095999479293823
1344,145.47779791889374,12.473999619483948
1345,145.46577576183145,12.095999479293823
1346,145.4469444024263,11.718000590801239
1347,145.4324364864881,13.229999899864197
1348,145.42263904455424,12.473999619483948
1349,145.4037757712619,13.229999899864197
1350,145.38832020814328,12.095999479293823
1351,145.37474620992032,12.851999759674072
1352,145.36224625098257,13.229999899864197
1353,145.31475884006673,12.473999619483948
1354,145.27704961928274,12.095999479293823
1355,145.24916564395616,12.473999619483948
1356,145.2310361235227,12.851999759674072
1357,145.22317549675358,13.229999899864197
1358,145.2112394644335,12.473999619483948
1359,145.20230711184334,13.229999899864197
1360,145.1934104057721,13.608000040054321
1361,145.18451140171942,12.095999479293823
1362,145.1747587834969,13.229999899864197
1363,145.16455422590076,12.851999759674072
1364,167.7406364355333,12.473999619483948
1365,184.80945783109777,12.851999759674072
1366,196.8731396800662,13.229999899864197
1367,203.37001467741845,21.546000480651855
1368,203.90740455180782,20.790000200271606
1369,204.12043389275198,inf
1370,397.60386981443133,-inf
1371,543.1853722423299,inf
1372,643.4665761729716,9.827999889850616
1373,694.6072672015723,-inf
1374,696.4773760556102,inf
1375,697.3796180356852,inf
1376,697.8892869733417,6.804000020027161
1377,698.7689705277329,-inf
1378,699.622226240627,inf
1379,700.1789724144728,inf
1380,700.5043639446689,-inf
1381,700.7705033932137,inf
1382,700.924756102153,inf
1383,701.4085593755188,4.157999977469444
1384,701.8672697967312,inf
1385,702.1286482152786,20.412000060081482
1386,702.2057651571656,5.670000225305557
1387,702.1419497600455,inf
1388,701.9089797973696,17.388000190258026
1389,701.6073816926786,inf
1390,700.9009472303297,13.229999899864197
1391,699.7892197621828,inf
1392,701.1102741539996,51.030001401901245
1393,701.8058612614984,inf
1394,746.00872578948,41.58000040054321
1395,779.1043542196195,inf
1396,811.5242961925159,35.5320006608963
1397,830.8530542760774,inf
1398,839.2796549382286,32.88599967956543
1399,844.5260190782391,inf
1400,846.5223895552264,47.627997636795044
1401,847.9794947463499,inf
1402,872.7338858312145,40.44599997997284
1403,891.510034170009,inf
1404,908.7177992366674,51.786001682281494
1405,918.7776227429837,inf
1406,936.7148149266592,41.58000040054321
1407,949.8712474533494,inf
1408,958.2028767204382,48.7620005607605
1409,962.8229111336702,inf
1410,968.4303367195783,41.20200026035309
1411,972.7953976871643,inf
1412,977.0073986863664,42.33600068092346
1413,979.7830391081817,inf
1414,988.6259547776422,39.311999559402466
1415,995.3877974529353,inf
1416,1000.9235333338682,58.21200156211853
1417,1004.4229476611184,41.95800054073334
1418,1005.6909158247139,55.56599807739258
1419,1006.6685241755739,inf
1420,1008.2495173539058,43.469998598098755
1421,1009.6728462968903,inf
1422,1018.195642889241,42.713998317718506
1423,1024.6242025617125,inf
1424,1031.3205280647298,36.666001081466675
1425,1035.5906459162,inf
1426,1037.4955805908212,47.627997636795044
1427,1038.8518182355976,40.44599997997284
1428,1039.596460412264,inf
1429,1040.3505161588498,44.60400152206421
1430,1041.0981562763152,inf
1431,1042.907547978629,43.09200096130371
1432,1044.3685454706485,inf
1433,1046.4831757302343,49.13999819755554
1434,1048.1043967865435,46.49399971961975
1435,1049.198648552757,inf
1436,1050.3280739515044,5.292000085115433
1437,1051.2976287982233,5.670000225305557
1438,1052.076725353319,5.292000085115433
1439,1053.023159198718,6.047999739646912
1440,1054.1258051134064,6.425999879837036
1441,1055.121538890357,6.804000020027161
1442,1055.9401762809302,8.694000095129013
1443,1056.7038356560536,12.095999479293823
1444,1057.6110714556398,11.718000590801239
1445,1058.6260972335665,8.694000095129013
1446,1059.4858901863342,7.182000160217285
1447,1060.1810181627873,6.047999739646912
1448,1060.83870801823,5.292000085115433
1449,1061.5122141978773,4.913999944925308
1450,1064.7720304355385,5.292000085115433
1451,1067.4519686808558,4.913999944925308
1452,1069.5495020103695,5.292000085115433
1453,1071.0343470968369,4.913999944925308
1454,1074.2483620736307,4.536000117659569
1455,1076.8372412461208,4.913999944925308
1456,1078.8035697196065,4.536000117659569
1457,1082.5633101456838,4.157999977469444
1458,1154.8034010716622,4.536000117659569
1459,1209.047463255732,4.157999977469444
1460,1247.4959291139755,4.536000117659569
1461,1267.3761789903047,4.157999977469444
1462,1276.6390446833504,3.780000150203705
1463,1283.504553433817,4.157999977469444
1464,1394.942801426022,3.780000150203705
1465,1478.7904005696294,4.157999977469444
1466,1570.471211012309,4.536000117659569
1467,1626.0125652473048,4.157999977469444
1468,1645.4198348855653,4.536000117659569
1469,1654.8178630258847,4.913999944925308
1470,1657.583494242572,5.670000225305557
1471,1659.432599914074,6.047999739646912
1472,1662.8023075914502,inf
1473,1665.0494060255808,inf
1474,1671.238192481991,38.17799913883209
1475,1678.0099312477182,inf
1476,1675.3223843122141,42.713998317718506
1477,1668.4213204594757,inf
1478,1658.638222685072,13.229999899864197
1479,1652.7691906465568,inf
1480,1652.7237497084873,40.824000120162964
1481,1657.7902351413263,inf
1482,1638.270775929442,10.584000170230865
1483,1620.2957559967301,6.804000020027161
1484,1610.9920073574958,7.56000030040741
1485,1612.569943416203,9.827999889850616
1486,1623.6094320527288,46.11600208282471
1487,1635.0285546152904,inf
1488,1625.0749487905778,7.182000160217285
1489,1618.8541694880541,6.804000020027161
1490,1619.1343501688743,7.937999814748764
1491,1626.395378006424,inf
1492,1634.2380254255675,inf
1493,1614.016289750624,7.182000160217285
1494,1593.3516070175156,6.425999879837036
1495,1594.7577384009305,7.182000160217285
1496,1604.2705767644954,10.96200031042099
1497,1617.3839683333845,47.627997636795044
1498,1624.4737482298567,inf
1499,1616.2639164713487,7.182000160217285
1500,1603.0278516165151,6.804000020027161
1501,1589.9169289452245,7.182000160217285
1502,1595.300229560279,6.804000020027161
1503,1606.5901062091164,7.937999814748764
1504,1616.583126238495,54.432000160217285
1505,1622.1927806490523,37.42199885845184
1506,1622.598464862106,inf
1507,1614.7173223264451,38.17799913883209
1508,1607.1208035496386,56.32199835777283
1509,1602.8385081602028,63.88200116157532
1510,1606.2469065307168,inf
1511,1621.9304690894842,52.91999959945679
1512,1638.295776213782,inf
1513,1650.1941396180994,49.13999819755554
1514,1656.2817281641169,48.7620005607605
1515,1657.1562109960785,47.25
1516,1653.90173052501,39.68999969959259
1517,1648.3739146118123,42.33600068092346
1518,1642.9967633936617,inf
1519,1639.6662988151425,inf
1520,1634.940142132468,32.12999939918518
1521,1629.4358029888117,inf
1522,1623.2266970685857,52.54200196266174
1523,1617.628682329088,45.7379994392395
1524,1614.1407350968323,46.49399971961975
1525,1612.4467533766835,46.49399971961975
1526,1613.9306663438795,inf
1527,1609.4917301388202,47.25
1528,1605.6571641590372,52.91999959945679
1529,1599.2595716386686,inf
1530,1590.2380099384634,45.36000180244446
1531,1579.2473787509866,43.469998598098755
1532,1567.0035290990197,44.60400152206421
1533,1556.5427453666834,inf
1534,1573.1902984713718,54.05399751663208
1535,1590.8360870538042,49.13999819755554
1536,1604.2233923501428,53.675999879837036
1537,1610.9018756254468,49.13999819755554
1538,1609.5990373257011,inf
1539,1602.3696289211819,51.40799903869629
1540,1595.3833160105612,inf
1541,1591.2172027270808,3.023999869823456
1542,1588.8029968377248,inf
1543,1584.6349607734505,23.058001041412354
1544,1582.5594746763504,19.27799963951111
1545,1581.2288381461753,20.033999919891357
1546,1580.8931869508694,21.546000480651855
1547,1581.544595942168,20.412000060081482
1548,1582.2435976815298,21.92400062084198
1549,1582.8737334038967,20.790000200271606
1550,1583.5849665995518,22.302000761032104
1551,1584.3325561649146,23.058001041412354
1552,1584.9620849104947,23.813998818397522
1553,1585.6766498017203,20.790000200271606
1554,1586.485421047601,22.68000090122223
1555,1587.390552498116,23.058001041412354
1556,1588.125953284863,21.16800034046173
1557,1588.8401280749792,24.191998958587646
1558,1589.4243430069703,23.813998818397522
1559,1589.9019629007903,23.436001181602478
1560,1590.2415915022848,21.92400062084198
1561,1590.1139801379504,23.436001181602478
1562,1589.432014075507,23.813998818397522
1563,1589.3137450409845,21.16800034046173
1564,1589.7509482510816,21.546000480651855
1565,1590.184379974244,23.813998818397522
1566,1590.6413364876605,21.92400062084198
